,P1,P2,P3,P4,P5,HML
2015-01-31,0.04650802357297297,0.06250433988227848,0.05261508610000001,0.0655330833539823,0.04443812155638888,-0.0020699020165840867
2015-02-28,0.07700886358993288,0.05620256474556962,0.09389134554186046,0.0717588356368421,0.041863931031481484,-0.03514493255845139
2015-03-31,0.09839804951912752,0.10352974243670886,0.06747720282116278,0.11260660142307692,0.06362090045185186,-0.034777149067275664
2015-04-30,0.07926308351744966,0.10189122407377357,0.06099888672015504,0.0998430830440678,0.09145392244862384,0.012190838931174175
2015-05-31,0.09679404713020133,0.14039387972521417,0.13114941938276892,0.1282993374826191,0.06238900344545455,-0.03440504368474678
2015-06-30,-0.03181601423333334,-0.03816554001863354,-0.026530344923880594,-0.04894207321983607,-0.02804499857590909,0.003771015657424253
2015-07-31,-0.014182985549006618,-0.024325058195061727,-0.0039967561556934275,-0.019647209517073168,-0.0005976368818181814,0.013585348667188437
2015-08-31,-0.08312320790111112,-0.08337246051111111,-0.08170844826956522,-0.10948376304112903,-0.057039727078468466,0.026083480822642655
2015-09-30,-0.0037513886449673213,-0.012842151088580245,-0.016005921426811596,-0.00679829966512,0.015009765687927926,0.018761154332895248
2015-10-31,0.1222371073869281,0.11007931331666666,0.1087924458115942,0.10003100356240001,0.06504523605855855,-0.057191871328369545
2015-11-30,0.05486102910888889,0.061366790680123455,0.09167706859784172,0.0809597986392,0.026046915047747747,-0.028814114061141143
2015-12-31,0.011706871853246753,0.016862551670987654,-0.007748890161276595,0.02103396736096,0.015067766944247786,0.0033608950910010323
2016-01-31,-0.116769776409698,-0.12514536838294643,-0.11390409874841471,-0.11801255262043506,-0.09285314911943744,0.02391662729026056
2016-02-29,-0.0029639754365384605,-0.0037172632797546046,0.0013651819421830987,-0.0157162819484375,-0.004654272447521368,-0.0016902970109829076
2016-03-31,0.10945472523461539,0.11336233498711658,0.10105648621971831,0.1257317261105469,0.08904604081025641,-0.020408684424358975
2016-04-30,0.004023658146923077,0.012414352893939395,0.04051763634223776,0.008055249085271318,0.03158976558739496,0.02756610744047188
2016-05-31,0.005281139875641027,0.020015836434545454,0.024947685339440556,0.02164450023806202,0.009638944007563025,0.0043578041319219975
2016-06-30,-0.001639713825350318,0.0544842518670303,0.016977852054125876,0.022458346611162788,0.011819141019999998,0.013458854845350317
2016-07-31,0.03506537673566879,0.01556219542121212,0.04075371021958043,0.042167678006976746,0.026923688050819673,-0.00814168868484912
2016-08-31,0.0374395806021656,0.058744339235542176,0.03877778777805555,0.023223304606846153,0.04306579291821139,0.005626212316045785
2016-09-30,0.0038016385955696222,0.0050179130998795176,0.003914076352413793,0.02432138974097744,0.006354755664227644,0.002553117068658022
2016-10-31,0.004893563286150001,0.01646080366736527,0.011719213726551724,0.01874586518358209,0.023864220632822578,0.018970657346672574
2016-11-30,0.02179414494751553,0.008021845608443115,0.016596749336986304,0.016066594709629633,0.013080361594846905,-0.008713783352668624
2016-12-31,-0.00891864188900621,-0.023638749834319524,-0.005866688155167784,-0.021672057246715327,-0.007654755405039367,0.0012638864839668437
2017-01-31,0.017690073123926384,-0.005627657952906978,-0.0028054273938255053,0.015361732107913669,0.13371369800168378,0.1160236248777574
2017-02-28,0.039366904370184044,0.04103226109712644,0.07268892754379085,0.04979710387622378,0.07307569353555556,0.03370878916537151
2017-03-31,0.019341102455731708,0.018763268513218388,0.01685984957272727,0.023187916851586207,0.027114687453284676,0.007773584997552967
2017-04-30,0.02678969175421687,0.009200669880113636,0.00911857062165605,-0.014465516055342464,0.015272894580714286,-0.011516797173502584
2017-05-31,-0.004365030264156626,-0.004817221153672315,-0.0027969780167295603,-0.009265013937748345,-0.0020639993943661955,0.0023010308697904306
2017-06-30,0.02384510470359281,0.03334822584395604,0.03607184939302469,0.03698656553815789,0.025947610087241377,0.0021025053836485653
2017-07-31,0.01162306780239521,-0.005230147576972974,0.01036951221779141,0.01214928403006536,0.040713664307210885,0.029090596504815675
2017-08-31,0.018273123750588233,0.046859671568449196,0.04895438348041916,0.026505338558333334,0.024707148699324322,0.00643402494873609
2017-09-30,0.022002798087647057,0.04637864733457446,0.04218780952130178,0.04289617527848102,0.02389686796081081,0.0018940698731637548
2017-10-31,0.02735883239882353,0.025615520445691483,0.024378823056804735,0.02335658513913044,0.05484981700635761,0.02749098460753408
2017-11-30,-0.000812538935263159,0.0005319356114736858,0.001556915462982456,-0.002465527807878788,0.005098043354605261,0.00591058228986842
2017-12-31,0.02369929909709302,0.02230385719947644,0.019675296406011563,0.020274165844311378,0.027685277889973853,0.003985978792880832
2018-01-31,0.03111462345735632,0.004463783969427083,0.019002343661849712,-0.0004536351041666682,0.016009821265096775,-0.015104802192259546
2018-02-28,-0.020971456179310347,-0.012534013735937502,-0.00710546294797688,-0.01377341564556213,-0.02902070291516129,-0.008049246735850942
2018-03-31,0.02497498326285714,0.031005318484375,0.021395274809195404,0.043963847242941174,0.03277352604314103,0.007798542780283888
2018-04-30,0.0009030985123595522,0.001263020823958333,-0.006190342480170455,0.0167559498994152,0.0035070190703821655,0.0026039205580226134
2018-05-31,0.0228146950247191,0.01780472091709845,0.022556554517613635,0.026282561151453495,0.025647411528662418,0.0028327165039433166
2018-06-30,-0.04275316601460674,-0.03843793828989691,-0.03629583081761363,-0.05037159903179191,-0.03747880491582278,0.005274361098783958
2018-07-31,0.00406635941966292,0.00422594389484536,0.003421776175842698,0.004493097227011498,0.0376986189733125,0.03363225955364958
2018-08-31,-0.014342699533149168,-0.014969572016923074,-0.022568773174033146,-0.030653338886742855,-0.0027939038099378897,0.011548795723211278
2018-09-30,-0.014025751642596685,-0.014610686262974359,-0.016967706745714285,-0.021485158968685716,-0.01923098089320988,-0.005205229250613194
2018-10-31,-0.0906066934403315,-0.09504553641641025,0.10840233239306012,-0.0873081346918079,-0.07224274235037036,0.01836395108996114
2018-11-30,0.038799322225414365,0.03862292701666667,0.036829288480054644,0.028094983351657457,0.025278179540490796,-0.01352114268492357
2018-12-31,-0.05915311471767957,-0.05003908853214286,-0.052882725692972976,-0.0343006004121547,-0.02454980444390244,0.034603310273777124
2019-01-31,0.05733625233387977,0.033007929523248734,0.04861914478740541,0.03486189238862637,0.03325457479432927,-0.024081677539550497
2019-02-28,0.09533398012076502,0.1330013204893401,0.1256673044918919,0.11740170878032785,0.08242829797333333,-0.012905682147431694
2019-03-31,0.04171422463315218,0.05443698077106599,0.0457647593016129,0.06855856357934782,0.08385796138145454,0.042143736748302366
2019-04-30,0.019684792574594597,0.010264533334771574,0.015367461180052907,0.021447219386666664,0.00018497237005988108,-0.019499820204534717
2019-05-31,-0.0469090648460215,-0.03820258401313131,-0.04861203827984128,-0.0446663393451337,-0.027583467474269006,0.019325597371752497
2019-06-30,0.03545311638244681,0.014661139501666667,0.0237035611513089,0.024245565700106386,0.07435849615789474,0.038905379775447925
2019-07-31,0.006222505860846561,0.012888183536432162,0.006578777015572916,0.007647722914893616,-0.001827815597674419,-0.00805032145852098
2019-08-31,-0.005944246030569948,-0.0061292972063725516,0.005262138184795919,0.005980501199842109,0.006909680557225435,0.012853926587795383
2019-09-30,0.021355765658549224,0.030740649283414634,0.020525458385714283,0.03321532043368421,0.037921370111999995,0.01656560445345077
2019-10-31,0.015252974932474229,0.01285789845560976,0.011114079214213198,0.021931984742105268,0.0317168388088,0.016463863876325775
2019-11-30,0.005033278079381441,0.022551480811024392,0.030635227327157365,0.01246575444088542,0.03973189286480446,0.03469861478542302
2019-12-31,0.05885457570494845,0.06408724489585366,0.0630588277145,0.056060782077835054,0.05593555634276243,-0.002919019362186026
2020-01-31,0.01668620304769231,0.04195456160961538,0.0149473856123,0.023101194412741118,0.026024154900000006,0.009337951852307697
2020-02-29,-0.031954741714285716,-0.015871616189473685,-0.010985657603482593,-0.007113903669191918,-0.002924122961141304,0.029030618753144413
2020-03-31,-0.116769776409698,-0.12514536838294643,-0.11390409874841471,-0.09086984809396986,-0.09285314911943744,0.02391662729026056
2020-04-30,0.12625607792037918,0.12913036937761904,0.12563022768088236,0.11984978819497488,0.11658682729675676,-0.009669250623622422
2020-05-31,0.06726839047492462,0.05452481093981043,0.061851398708155335,0.06314793050035,0.06503669185112904,-0.002231698623795589
2020-06-30,0.07579984256949998,0.08421788707914692,0.08272069448398059,0.10222314787910447,0.08428988367840425,0.008490041108904264
2020-07-31,0.10506788665870645,0.10849143780234742,0.1035822498369903,0.09042677917492682,0.08320679163730159,-0.02186109502140486
2020-08-31,0.06478113134607842,0.04914486528493023,0.05583179139209525,0.08037765416241546,0.06463719482020726,-0.00014393652587116335
2020-09-30,-0.02326312621227053,-0.013081979307713962,-0.027264145744716983,-0.012442355061137441,-0.012869117957424243,0.010394008254846286
2020-10-31,0.02599551002748815,0.014969177669124423,0.01765697486542056,-0.003968685092314815,0.008049329793569378,-0.017946180233918772
2020-11-30,0.09761096577677725,0.09609070164200913,0.10684710497990653,0.06698906668602739,0.0794675543971831,-0.018143411379594146
2020-12-31,0.04011392190187793,0.036692448483954546,0.06676823555069768,0.07693239174109588,0.04435614493878505,0.0042422230369071195
2021-01-31,0.027704612093055556,0.0166223698560177,0.029140747663612902,0.03908748306454546,0.04480639443314814,0.017101782340092585
2021-02-28,0.05239547560829494,0.043096907413716815,0.02578833361196347,0.034961830616860985,0.04011927869907834,-0.012276196909216601
2021-03-31,0.016250608734862386,0.022894355012334805,0.006125465085520362,0.009837237044215246,0.009110878455733948,-0.007139730279128438
2021-04-30,0.047325510893348625,0.05055937958565789,0.0508438308529148,0.08008156392513273,0.053426953633031675,0.0061014427396830495
2021-05-31,0.04097459747636771,0.05112075327854077,0.04756279858311111,0.0641282511948052,0.05972030431725664,0.01874570684088893
2021-06-30,0.04229946365316594,0.06599415086822034,0.05080200049292035,0.03870490530146552,0.0994173655489083,0.05711790189574236
2021-07-31,-0.002982049517521364,0.010684566898326362,0.023113854167543864,-0.012813282817735045,-0.011883831673939397,-0.008901782156418032
2021-08-31,0.05426485548830509,0.04278529944041841,0.024159534038369096,0.04321232494949367,0.039559352022317605,-0.014705503465987486
2021-09-30,-0.027449344403941908,-0.021578815573333337,-0.011593323077136751,-0.005586904875146445,-0.00229367155720339,0.025155672846738517
2021-10-31,0.02188846014032922,0.026902728905040984,0.02690616890042553,0.026777720009166665,0.004507877370833333,-0.017380582769495886
2021-11-30,0.012909160414567902,0.041335012575346934,0.03694094757135593,0.045409953478008296,0.060313744532510295,0.04740458411794239
2021-12-31,0.02466017806888889,0.01645925233064516,0.005181490925104602,0.020956509231120333,0.014419972510285714,-0.010240205558603175
2022-01-31,-0.0924311109308943,-0.08996539513036143,-0.09017396707208333,-0.09369013321818181,-0.05297201975500001,0.039459091175894294
2022-02-28,0.01675361766882591,0.021250061070240002,0.01679692030826446,0.007201635769135805,-0.005259764621694778,-0.02201338229052069
2022-03-31,-0.02987830908556452,-0.02373474327568,-0.04440935510761315,-0.04092426137510204,-0.024379887436526106,0.005498421649038413
2022-04-30,-0.0867998068004016,-0.08127158601912349,-0.08413135062382114,-0.08475360067429719,-0.051781811980008,0.0350179948203936
2022-05-31,0.034302445800396826,0.04314480214183267,0.04579016479311741,0.053153805618326694,0.03334024141400801,-0.000962204386388818
2022-06-30,0.015231172332015814,0.027555184757768924,0.061061471253467746,0.04296391467011952,0.047813302199601594,0.03258212986758578
2022-07-31,0.04882240961126483,0.04406754126753969,0.037845685285200006,0.04683381803873015,0.01644778671011858,-0.03237462290114625
2022-08-31,-0.01009441155590551,-0.01568281784246032,-0.008918525543876983,-0.019783824966929136,0.009934419340885826,0.020028830896791337
2022-09-30,-0.08474348271992188,-0.07317527448425196,-0.0720177672954365,-0.07674788295988236,-0.04206783559246094,0.04267564712746094
2022-10-31,0.057699346084108524,0.0487444164940625,0.040259456539370075,0.035532510690310076,0.033563863103515626,-0.0241354829805929
2022-11-30,0.07974003887286822,0.062246938292890616,0.0841685387015748,0.08630610716143411,0.11310401264687497,0.03336397377400675
2022-12-31,-0.0075910434194573625,-0.02431701115511719,-0.02594306023287402,-0.010180188464457363,-0.008142067108203126,-0.0005510236887457639
2023-01-31,0.07236547790697674,0.07805566002773437,0.0837085493488189,0.06901925520968992,0.04230359320679687,-0.03006188470017987
2023-02-28,-0.011241165676744186,-0.018300469707070312,-0.0202996582988189,-0.0063731993785658934,-0.009598147157031249,0.0016430185197129372
2023-03-31,0.005616067498832684,-0.0008933103067968733,-0.024203563366535435,-0.02188721047968992,-0.020626847253882353,-0.026242914752715035
2023-04-30,-0.014123252846459145,-0.011003988266796874,-0.02574330981574803,-0.02853793239728682,-0.005760867827165354,0.008362385019293792
2023-05-31,-0.020687514817120622,-0.015101622774050779,-0.01270902591059055,-0.02406519921,-0.02225096932440945,-0.0015634545072888278
2023-06-30,0.03489164948396887,0.03421332905710937,0.03247995424051181,0.01951675629011673,0.021237831069251967,-0.013653818414716901
2023-07-31,0.02530109826031128,0.020540041102578125,0.0314943181992126,0.017273841551595333,0.031336000457322835,0.006034902197011555
2023-08-31,-0.04917978105390625,-0.04630731981328125,-0.03987232910523622,-0.053457513348871596,-0.0276634881119685,0.021516292941937753
2023-09-30,-0.0294324344525,-0.023972642107812497,-0.031162065211535434,-0.017943006441463037,-0.01795194532976378,0.01148048912273622
2023-10-31,-0.039507377017226564,-0.039116080282421875,-0.0322904541515748,-0.025914811777937745,0.0060976029280632406,0.0456049799452898
2023-11-30,0.06809482433140623,0.0488166129628125,0.04413221586442687,0.03808012303501945,0.04052030074529645,-0.027574523586109782
2023-12-31,0.033399942675937495,0.021456947042812497,0.020867914943650794,0.003500060009533072,0.006150099475731224,-0.02724984320020627
2024-01-31,-0.09891042550039061,-0.1210052583875,-0.10832526843888887,-0.11801255262043506,-0.08512547828656128,0.013784947213829335
2024-02-29,0.07615261933007812,0.08742423268925781,0.07741353911765872,0.07574023403747081,0.05833955098498023,-0.01781306834509789
2024-03-31,0.018420645362499998,-0.0022230211572265603,0.019623325964285714,-0.0023197669679215693,-0.012936511633596838,-0.031357156996096834
2024-04-30,-0.0038087487617187495,-0.012577843446874999,-0.00195957303214286,0.011617115005725489,0.017875303106043478,0.021684051867762226
2024-05-31,0.0013655393046874999,0.0014079528277343763,0.008050135109523812,0.005611625878745098,0.008111536926877475,0.006745997622189975
2024-06-30,-0.03290571519570312,-0.04522998045416342,-0.0461693400688492,-0.05715199492792157,-0.037769343865476195,-0.004863628669773072
2024-07-31,0.02745747815578125,0.009999218457237353,0.00504569723685259,-0.009382658748235297,-0.001172606565856575,-0.028630084721637826
2024-08-31,-0.017109569216015624,-0.029451128678754865,-0.011044867544000001,-0.0377430162427451,-0.013555068523505976,0.003554500692509647
2024-09-30,0.12625607792037918,0.14039387972521417,0.13114941938276892,0.1282993374826191,0.13371369800168378,0.0074576200813046
2024-10-31,0.0016898927076078438,0.005258844235351563,-0.0024946983512048214,-0.017630684672332014,-0.020205976511553782,-0.021895869219161625
2024-11-30,0.03966590242313725,0.014866364804296876,0.023857061884779117,0.02526914836086957,0.026926624109721114,-0.012739278313416137
2024-12-31,-0.024472424583529415,-0.023432930085937498,-0.014069779012851407,-0.026343178162896826,-0.008766705855378488,0.01570571872815093
2025-01-31,-0.004582240525490194,0.002044259306431374,0.005172086968273092,-0.007414467908611111,-0.019570738266533865,-0.01498849774104367
2025-02-28,0.017297280674509804,0.03560580726901961,0.030124236715863454,0.030192111100476197,-0.006353521117131476,-0.02365080179164128
2025-03-31,-0.0270451889427451,-0.018889629753307085,-0.005425932576506023,-0.007387300468452379,0.007746411244621512,0.034791600187366614
2025-04-30,-0.0181310241461811,-0.008611510202529643,-0.017231747459677416,-0.008966723750515873,-0.002191287752822581,0.01593973639335852
2025-05-31,0.030233184839566926,0.0409487048993254,0.04516142983004049,0.04972101448293651,0.041682907887096776,0.01144972304752985
2025-06-30,0.040884836711857706,0.05528470077603174,0.0562026802522672,0.037322852450396835,0.03457167134274194,-0.006313165369115768
2025-07-31,0.047824175198406385,0.06278759752869047,0.05252399134552846,0.05450132338373016,0.055531053903967606,0.007706878705561221
2025-08-31,0.057522736057680005,0.05724885033051587,0.08347875530032521,0.05056819306785715,0.04750420617635626,-0.010018529881323741
2025-09-30,0.015789000035280002,0.02802113768460317,0.026850821736991867,0.011625888714087302,0.005672913689028339,-0.010116086346251663
2025-10-31,-0.0011691714883132523,0.010495009772430277,-0.009836108299591835,-0.004663845134262948,0.0050224047095951425,0.006191576197908395
2025-11-30,-0.000674613430923695,-0.00210059771434263,-0.013975508759836735,-0.0182297998974502,-0.003907275756275303,-0.003232662325351608
2025-12-31,0.013611403409137975,0.012128149040159361,0.011934160399183675,-0.0009635255047999998,-0.0013791328214574881,-0.014990536230595463
